{"cameraMode":{"drawMode":0,"name":"Shaded","section":"Shading Mode"},"sceneLighting":true,"audioPlay":false,"sceneViewState":{"showFog":true,"showMaterialUpdate":true,"showSkybox":false,"showFlares":true,"showImageEffects":true,"showParticleSystems":true},"in2DMode":false,"pivot":{"x":662.851806640625,"y":277.2420349121094,"z":481.118896484375},"rotation":{"x":-0.06349173188209534,"y":0.03119225800037384,"z":-0.014210376888513565,"w":-0.9982081651687622},"size":1087.4930419921875,"orthographic":false}