{"cameraMode":{"drawMode":0,"name":"Shaded","section":"Shading Mode"},"sceneLighting":true,"audioPlay":false,"sceneViewState":{"showFog":true,"showMaterialUpdate":false,"showSkybox":true,"showFlares":true,"showImageEffects":true,"showParticleSystems":true},"in2DMode":false,"pivot":{"x":-9.564069747924805,"y":0.08730554580688477,"z":-6.941043853759766},"rotation":{"x":0.15475967526435853,"y":0.43406108021736147,"z":-0.0750313326716423,"w":0.8845611214637756},"size":21.595808029174806,"orthographic":false}