{"cameraMode":{"drawMode":0,"name":"Shaded","section":"Shading Mode"},"sceneLighting":false,"audioPlay":false,"sceneViewState":{"showFog":true,"showMaterialUpdate":false,"showSkybox":false,"showFlares":true,"showImageEffects":true,"showParticleSystems":true},"in2DMode":false,"pivot":{"x":-127.48729705810547,"y":62.35206604003906,"z":177.84048461914063},"rotation":{"x":-0.11021290719509125,"y":-0.720264732837677,"z":0.10402663052082062,"w":-0.6778265237808228},"size":7.807310581207275,"orthographic":false}