{"cameraMode":{"drawMode":0,"name":"Shaded","section":"Shading Mode"},"sceneLighting":false,"audioPlay":false,"sceneViewState":{"showFog":true,"showMaterialUpdate":false,"showSkybox":false,"showFlares":true,"showImageEffects":true,"showParticleSystems":true},"in2DMode":false,"pivot":{"x":0.2282487154006958,"y":-0.0019423402845859528,"z":-0.0029321014881134035},"rotation":{"x":-0.13384798169136048,"y":-0.4391127824783325,"z":0.05726727470755577,"w":-0.8872333765029907},"size":6.113330364227295,"orthographic":false}